ZJ8 A7G,2022-06-16,9:16:40,15:20:00
AF0 H7O,2022-06-09,10:55:27,15:08:34
GG5 T0V,2022-08-14,8:22:54,16:43:18
DU8 G8R,2022-03-25,10:30:37,14:10:17
CQ5 Y1J,2022-09-06,9:34:42,15:36:37
HT8 S4G,2022-10-26,9:22:40,14:23:05
ZG1 Y1K,2022-12-23,11:38:21,15:56:18
RB0 E1V,2022-10-23,8:27:55,13:30:45
JL9 B5I,2022-12-09,8:13:46,15:54:41
PN4 S6D,2022-02-22,9:40:53,16:37:19
AM2 V2X,2022-05-30,10:00:31,13:50:08
ON1 G6Y,2022-03-23,12:03:38,14:30:02
LF6 I1R,2022-07-08,10:01:51,16:57:14
RR9 V0B,2022-04-04,12:11:54,15:18:10
VN0 S8P,2022-02-21,10:57:36,14:35:52
BR3 K1Q,2022-12-27,9:10:51,15:12:53
XF2 U0N,2023-01-22,10:12:39,14:35:37
XK8 U8P,2022-03-28,12:40:47,13:37:57
BA1 T7R,2022-12-10,10:45:32,13:55:08
TO8 B8W,2022-10-18,8:52:12,16:22:31
NC8 N4X,2022-05-01,10:37:32,14:46:11
UX6 V4A,2023-01-03,11:20:28,16:19:49
XG5 V9N,2022-07-17,8:14:28,16:57:32
RQ8 S0P,2022-10-24,12:48:09,16:02:41
IX3 S4T,2022-02-22,9:15:51,14:22:18
MK0 B3Z,2022-08-13,11:01:00,15:40:39
BP2 J7Z,2022-11-15,9:14:39,14:15:11
NT1 Y3V,2022-05-19,9:24:25,14:54:53
SS0 W1P,2023-01-03,8:45:26,15:09:53
NH9 D1N,2022-04-16,11:19:46,13:48:49
UQ3 B3O,2023-01-01,10:25:28,16:44:24
ZR4 E4S,2022-11-05,12:55:27,14:17:09
AL5 Y5K,2022-06-10,10:47:43,14:50:41
VW1 Y9M,2022-09-27,8:23:49,14:13:22
MG8 K1L,2022-09-11,9:47:15,16:00:01
WG7 O7Q,2022-03-13,8:32:28,14:36:16
LK9 F3X,2022-12-03,8:02:28,14:02:52
OD8 V8M,2022-07-18,9:51:00,14:54:30
TJ8 Z1M,2022-10-23,8:38:27,16:40:18
BG2 J9O,2022-06-26,11:39:24,16:06:56
CK5 Y0C,2022-04-07,12:35:03,14:46:17
BV1 H0M,2022-05-11,9:22:43,15:48:06
GG4 H8A,2022-03-19,9:15:37,16:11:06
VU9 R3H,2022-05-28,10:48:06,13:58:37
TO7 S1S,2022-12-06,8:54:55,14:18:42
HI0 T8H,2022-03-12,10:40:41,16:37:43
QN7 P7J,2022-11-29,11:56:17,13:48:54
VX3 R8N,2023-01-12,8:02:13,15:10:11
UV9 I8R,2022-03-25,9:40:35,16:55:39
FH2 C2R,2022-04-21,9:48:33,15:56:53
XL0 S7J,2022-08-27,12:37:47,14:56:47
UI1 Q1I,2022-08-17,12:32:18,16:39:38
VI4 X6F,2022-09-17,9:03:04,16:56:10
UZ6 H8X,2022-07-26,12:48:35,16:36:15
GX4 H1K,2022-12-31,9:52:49,14:21:33
SM1 W4T,2022-12-15,10:05:16,16:01:39
VM8 C4P,2022-07-31,8:11:25,16:05:32
NJ3 S2X,2022-05-23,11:12:07,15:06:09
TZ3 G0D,2022-05-11,8:10:11,16:38:37
IN5 R1S,2022-08-24,11:33:32,16:03:47
VS6 R0V,2022-06-27,10:46:16,14:51:19
HD1 H2O,2022-10-23,9:43:56,16:58:28
KB4 M7F,2022-02-04,11:10:33,14:43:51
FS9 E8V,2022-03-15,11:12:06,15:47:27
KZ2 Q5Q,2022-10-19,9:40:23,15:38:08
WU3 D9U,2022-01-31,8:59:10,13:52:20
YO2 Z3I,2022-07-11,8:43:29,14:00:53
TE0 V5E,2022-08-03,11:46:02,16:26:36
TJ3 Z4H,2022-11-20,9:42:52,15:43:30
EX1 T5D,2022-03-15,8:24:46,13:36:16
LQ4 X5X,2023-01-23,10:50:06,16:53:48
VE5 D2C,2022-11-12,10:42:42,14:01:56
NU6 J2A,2022-03-04,12:53:49,15:55:07
YX9 G2F,2022-08-11,9:00:38,15:56:45
BF7 H8X,2022-09-18,11:23:00,14:34:25
PQ0 J6N,2022-03-05,8:48:34,13:40:13
YP4 C5W,2022-10-02,12:31:41,14:05:05
UO2 S7C,2022-10-08,9:26:07,14:08:06
PW5 E6U,2022-02-02,12:46:18,14:15:27
FM3 Q7J,2022-07-12,9:22:17,14:13:12
OB5 R5O,2022-06-17,12:28:23,14:37:12
ZJ5 F0J,2022-09-13,8:23:27,14:34:43
FZ9 H6B,2022-10-04,10:15:15,15:32:12
QA8 D1L,2022-04-13,12:30:46,16:26:56
GX6 R6K,2022-06-09,10:05:45,15:28:18
NW1 O3W,2022-01-31,12:16:06,14:12:12
VI9 X8D,2022-08-13,11:44:34,13:54:14
BP2 E9B,2022-08-03,10:22:07,15:35:16
YJ9 T6R,2023-01-22,10:22:01,15:32:24
RH6 C8D,2022-05-25,12:46:41,15:00:24
CS7 B6Y,2022-05-23,8:14:00,16:09:38
DD8 X8I,2022-03-24,9:50:05,13:39:34
CH7 P6V,2022-03-07,9:15:48,16:50:02
PC1 M5R,2023-01-09,9:55:24,14:41:04
ZE9 G4L,2022-05-20,8:54:15,16:49:27
LV6 T2N,2022-02-03,8:09:34,13:37:47
MW3 Z8X,2022-06-08,8:27:27,16:55:25
ST9 X0Q,2022-04-04,10:55:49,13:34:03
JW2 L7V,2022-12-06,8:44:36,15:50:28
WN2 I9J,2023-01-11,10:28:56,14:04:17
HZ5 M6V,2022-09-07,12:58:52,15:36:15
EP5 L3A,2022-08-22,9:43:46,14:21:03
OV9 D8X,2022-08-03,10:51:09,15:10:35
ZK7 A4N,2023-01-05,11:34:27,13:51:54
DA6 X1N,2022-05-04,11:35:06,13:48:46
DS3 K1Z,2022-07-24,12:27:17,16:08:01
EL6 V2C,2022-07-04,12:14:36,15:28:08
QA0 D3J,2022-06-19,11:03:34,15:20:40
JU3 A1I,2022-11-20,12:05:43,15:56:17
GF0 C9P,2022-04-09,9:42:43,16:44:02
LY0 K1G,2022-09-03,12:24:50,16:15:41
SK9 P2X,2022-05-01,9:19:47,16:06:23
XE2 W5Y,2022-10-31,12:54:01,16:37:35
TI3 L3A,2022-06-15,9:15:07,13:55:41
VO5 I9H,2022-12-30,11:10:28,14:11:58
IW2 W5R,2022-09-21,12:25:08,16:38:40
BU5 P3T,2023-01-07,8:53:00,16:51:03
CT7 I7R,2022-09-05,8:10:44,16:51:23
TM6 R1O,2022-02-08,8:52:39,15:29:13
MV9 Y1X,2022-09-15,9:30:07,14:34:41
WA6 I4V,2022-07-31,9:12:30,15:17:45
UH1 A2X,2022-05-09,10:58:30,16:44:05
JF5 B1L,2022-03-16,9:35:06,14:31:15
TJ5 U5R,2022-07-10,11:35:19,14:41:55
EM1 B6J,2022-03-24,12:59:41,16:53:36
TY2 D5Q,2023-01-03,8:27:58,15:33:23
MK9 B1D,2022-10-27,10:16:08,15:36:50
LG7 I1Y,2022-03-11,11:27:13,16:14:48
UO9 P2D,2022-07-09,8:08:47,15:33:50
WU3 P5B,2022-08-19,8:36:03,16:59:41
CW4 N5F,2022-05-30,10:05:21,15:52:38
TH7 F9X,2022-12-18,11:16:21,14:52:27
FF6 S7H,2023-01-17,9:50:21,14:16:54
WH6 I3X,2022-06-22,8:31:51,16:31:28
XF5 O1W,2022-10-03,10:29:00,14:28:40
IC0 U2K,2022-02-22,10:11:45,15:56:44
MX7 D8N,2022-10-18,10:30:14,14:35:44
JT1 G0M,2022-09-09,12:53:23,14:14:27
PQ8 X8P,2022-03-26,12:51:05,14:33:09
QI7 C0E,2023-01-10,9:19:35,15:52:10
LH7 X5K,2022-09-14,9:32:32,13:55:54
NK1 M2U,2023-01-05,9:05:02,14:28:08
VK1 Y7H,2022-07-15,9:42:22,14:42:55
UV9 Z9I,2022-11-25,9:45:06,13:54:02
RC9 K7G,2022-02-14,8:32:57,14:07:03
TQ7 L2E,2022-09-25,10:35:53,15:43:01
AH5 Q8L,2022-07-11,9:26:24,13:36:48
XE9 X2B,2022-04-10,9:18:05,15:47:54
HU3 U7M,2022-05-20,8:42:17,15:35:06
PF2 Z0H,2022-09-01,11:29:54,14:48:52
VT4 S0A,2022-03-27,9:54:36,13:53:53
ZV1 T4J,2023-01-22,8:59:49,14:36:02
PD4 G5B,2023-01-11,10:23:10,16:12:00
GV2 P7O,2022-04-13,10:51:04,16:34:22
OJ4 T8C,2022-10-26,9:54:02,13:41:17
IY2 T5W,2022-04-29,11:10:57,14:09:24
NT9 P4M,2022-03-10,12:10:27,13:42:45
AQ2 F7K,2022-09-24,11:20:56,15:24:24
PX0 B0O,2022-11-08,11:45:07,16:48:15
RZ0 Y1S,2022-03-30,12:30:06,15:05:45
KW1 A5S,2022-01-29,11:47:25,14:14:11
EE5 D2H,2022-10-20,12:01:59,14:53:09
DL8 J6Y,2022-03-11,10:11:02,14:56:42
HV5 A2R,2022-08-01,12:49:07,15:41:55
TK5 Z3P,2022-12-28,8:43:15,15:50:55
UJ1 E9D,2022-12-24,10:24:04,15:30:35
PU7 W1H,2022-07-29,9:58:57,13:42:09
YW4 J0C,2022-10-20,10:17:20,15:06:25
EJ1 I4T,2022-07-07,8:42:28,15:44:41
HD3 E7V,2022-01-26,9:17:06,16:21:25
VH3 Z8D,2022-07-27,10:14:05,15:16:31
CL9 X1H,2022-10-02,12:14:15,13:46:59
AZ7 K8Y,2022-12-27,8:56:25,15:48:34
EN1 N0A,2022-08-18,8:33:45,15:31:02
BV6 H5X,2022-10-19,8:09:56,14:44:02
PK4 C8D,2023-01-20,9:41:49,15:52:08
VV2 N9R,2022-12-01,11:21:14,13:51:08
ZP0 N4N,2022-11-24,12:13:31,13:48:53
FL9 G9J,2022-10-28,10:58:10,16:03:42
DF0 Y8Q,2022-09-13,12:15:46,15:30:11
SR4 E8I,2022-08-01,9:49:13,16:51:31
VS5 Z7K,2022-05-29,10:47:01,14:23:01
CV7 F3P,2022-06-16,12:51:29,16:49:40
NL6 C2X,2023-01-21,8:00:17,13:44:27
CI7 D0U,2022-04-19,11:33:11,15:20:09
KK7 K8W,2022-02-04,10:31:35,16:12:51
BE1 D4W,2022-09-14,10:19:26,15:21:50
YF7 D4H,2022-06-13,12:51:21,15:09:50
OJ7 J0Q,2022-04-07,11:11:00,14:34:38
VT1 J7J,2022-12-02,12:36:49,15:16:20
UJ6 D8W,2022-07-02,9:02:01,13:51:20
LZ7 X4Y,2022-08-06,10:02:03,14:18:11
KL9 W9D,2022-06-12,11:25:28,15:40:04
JN2 Q1G,2022-11-02,8:01:21,14:16:03
OB2 N9T,2022-09-08,10:47:06,13:47:20
TK7 C5E,2022-06-02,8:45:55,15:30:29
UZ9 X5M,2022-07-13,10:52:57,14:48:02
BX6 U1B,2022-04-06,8:34:54,14:56:47
NT3 J1P,2022-10-01,10:05:35,16:01:10
OA9 A3E,2022-07-30,12:55:56,15:01:52
XM7 S3I,2022-10-20,8:37:29,15:15:22
CN2 A6A,2022-02-03,11:55:14,16:59:01
ZG1 V8C,2022-02-15,12:48:23,13:43:36
LF5 C2N,2022-06-08,12:11:06,13:52:56
NA1 H3W,2022-03-12,8:51:12,14:51:56
KM2 M4O,2023-01-04,8:08:47,15:06:38
DE4 H9F,2022-06-05,8:55:35,13:33:11
RM5 Q2O,2022-10-04,9:08:29,14:52:59
CK9 T2R,2022-06-25,11:37:13,14:48:00
JW4 U4P,2022-06-03,10:48:42,13:57:52
CL2 Z0H,2022-02-26,12:43:25,16:55:23
FH5 E6R,2022-08-11,8:36:51,15:30:38
WZ8 Y4G,2022-10-27,12:39:29,15:11:49
GZ4 A9S,2022-12-14,9:41:17,16:32:42
CM4 X1T,2022-04-28,8:14:32,16:04:07
ID0 C7A,2022-03-07,11:12:07,13:50:25
NI5 S7G,2022-04-30,8:34:32,14:54:02
HN9 O7J,2022-05-28,8:37:19,15:31:34
WF2 Z6B,2022-07-12,11:24:22,13:35:33
UL7 S3I,2022-08-31,9:27:47,15:48:55
JW3 W7N,2022-12-18,9:59:04,16:48:57
VR4 M5G,2022-05-12,9:34:47,14:44:08
XT9 B4C,2022-10-09,9:13:07,16:11:37
XD9 X2R,2022-11-14,12:22:30,15:31:30
KZ2 B3S,2022-10-08,12:08:23,13:38:49
PJ4 Q8O,2022-05-18,9:23:57,14:32:41
RD2 T3P,2023-01-13,11:52:00,13:44:54
EB9 G5N,2023-01-07,10:51:56,16:31:21
XE5 T2R,2022-08-09,12:50:11,16:45:44
TJ6 L8X,2022-02-04,12:46:03,14:59:53
HH6 O9B,2022-07-19,9:48:41,14:50:32
DW9 O7L,2022-05-23,10:20:00,16:29:52
FN2 R0A,2022-07-06,12:46:36,14:35:21
RE3 W6P,2022-08-27,11:42:17,15:37:56
DM7 S3Z,2022-10-09,10:17:32,15:24:13
KM1 U2G,2022-10-10,12:20:48,15:57:57
CL5 Z4P,2022-07-18,8:04:13,14:41:14
MM9 F1C,2022-11-17,10:08:20,15:53:43
DC1 Z6Y,2022-08-13,8:57:24,14:35:08
VI0 U8O,2022-08-06,12:04:03,14:07:24
ZL4 H6O,2022-03-01,12:47:21,15:24:18
FK4 P7J,2022-02-24,12:53:34,13:39:20
AT9 H8A,2022-08-19,10:00:07,16:47:00
EN0 Q2V,2023-01-22,9:25:49,15:16:16
EH7 Z3O,2022-09-07,12:50:53,13:50:34
RJ1 R7S,2022-09-09,11:35:41,16:48:53
LD7 N9Q,2022-02-01,10:13:49,15:00:44
KT9 A4W,2022-09-25,12:45:02,15:44:33
MH9 M8I,2022-05-08,9:22:44,14:15:23
QA8 N7L,2022-04-07,11:44:16,14:22:10
PM5 V1S,2022-02-02,12:13:18,15:10:35
LW4 I0D,2022-09-13,9:56:22,14:26:03
KJ7 G2Q,2022-12-05,12:53:21,16:41:04
WK1 Q7A,2022-12-15,12:33:50,14:44:13
JJ7 L9X,2022-02-10,11:42:22,15:20:41
TC9 I8M,2022-04-19,12:26:24,16:02:20
ZD0 B9N,2022-10-21,11:08:36,16:40:37
TR3 S9I,2022-12-01,11:27:37,13:48:30
SA9 T7I,2022-11-29,9:23:38,16:34:12
CP3 N5D,2022-02-09,11:42:32,14:48:10
CF1 S4S,2022-07-30,10:18:41,13:45:35
WC6 U1C,2022-04-23,11:48:13,14:38:22
CQ1 Q3R,2022-06-05,11:27:04,13:39:05
LW8 Q1P,2022-07-27,10:42:19,13:42:17
AM1 C6P,2022-08-18,11:49:42,13:30:01
CC7 K5H,2022-10-22,9:42:03,16:45:25
EG2 L1R,2022-11-16,8:14:50,14:36:22
DV0 O8B,2023-01-11,11:40:15,13:43:51
EO8 C0C,2022-04-12,10:08:38,16:43:45
CD6 P2H,2022-09-28,11:57:12,15:33:12
CQ1 S5U,2022-11-15,10:46:55,15:27:32
HO9 M4K,2022-11-13,11:17:14,14:59:26
QV6 B2W,2022-10-31,11:32:03,13:37:11
DA8 W6W,2022-02-17,12:05:26,13:40:10
ZP1 X3H,2022-04-23,11:10:58,14:29:29
BL1 J3M,2022-07-13,8:05:08,13:51:48
ZE5 Y8Q,2022-02-13,10:43:57,15:51:13
IO5 O8B,2022-03-28,10:05:48,15:12:42
ZI6 K7D,2022-11-09,10:18:58,15:45:54
FR9 G0W,2022-02-25,10:25:16,15:37:27
IU3 G6W,2022-06-09,8:01:05,13:31:42
EP8 P7V,2022-10-29,10:06:04,13:56:37
AX8 O4K,2022-10-07,9:19:44,14:54:25
OK8 D5U,2022-03-28,12:50:46,15:55:23
AG7 V9T,2022-10-17,8:52:34,15:55:37
KO4 B6W,2022-03-20,12:43:37,14:04:46
SD3 R8C,2022-08-11,9:22:16,14:20:07
TR5 S9Q,2022-07-30,9:03:32,14:28:56
LZ3 B8L,2022-11-06,9:46:24,14:21:58
JQ9 J5E,2022-05-18,10:16:41,15:51:24
KH1 W8U,2022-12-27,9:04:02,14:01:27
NL9 F1L,2022-02-22,11:55:26,16:36:32
WH0 H8V,2022-12-26,11:17:19,16:42:47
YO3 H1P,2022-10-21,12:39:38,16:56:54
TZ5 X6C,2022-07-08,11:51:23,16:30:31
UR5 N1Y,2022-11-10,11:10:10,15:17:38
PC3 X5C,2023-01-06,11:31:43,15:28:59
JS3 S9R,2022-05-11,8:29:49,15:07:45
UN2 P0F,2022-12-09,11:27:53,15:28:21
QU7 D6M,2022-12-23,11:31:32,15:29:38
ZL4 S5I,2022-10-05,12:38:08,15:12:48
FD4 R0T,2022-12-21,12:49:06,14:18:27
CD2 E2V,2022-09-21,9:40:17,16:27:33
HB8 L1F,2022-03-03,10:33:29,14:31:20
VF4 O8K,2022-03-22,8:48:47,14:14:47
WW8 O6N,2022-07-31,11:37:21,16:24:44
VM5 Z4X,2022-02-14,10:45:10,13:50:05
LH2 I9M,2022-04-19,12:14:13,16:56:31
HO2 F4O,2022-12-31,11:54:22,16:11:58
MF0 W4M,2022-11-12,10:03:08,16:16:08
JI9 C1E,2022-06-29,9:58:01,15:15:33
EQ0 V3P,2022-05-14,8:27:38,14:44:27
HY4 O5W,2022-08-14,9:51:10,16:47:31
TK5 V3S,2022-04-06,11:54:10,16:35:11
XV2 Q5Y,2022-08-04,11:57:26,13:50:40
TG3 I9Y,2022-10-01,10:24:23,15:49:52
LY4 I7Y,2022-10-30,12:41:52,15:55:20
YS3 C1L,2022-10-10,12:23:29,14:39:18
EC9 E4H,2022-11-04,10:47:23,16:47:55
EX6 Q4C,2022-01-25,12:50:47,15:42:54
OH4 Y9P,2022-07-29,12:02:23,16:35:01
AD7 X0B,2022-10-10,9:34:37,14:47:31
QB7 Q1C,2022-09-30,10:27:13,16:58:26
RI0 Y7Q,2022-12-28,11:22:22,14:04:30
HL0 U6H,2022-10-18,11:49:37,15:47:10
EA9 P2U,2022-02-02,8:33:31,13:42:09
AU6 L1Z,2022-11-18,10:24:22,14:24:36
EP6 P4A,2022-12-31,8:42:07,16:42:00
MB7 P7Q,2022-05-10,10:51:51,16:13:53
LT2 E2S,2022-11-19,12:54:57,13:57:44
AF5 M6C,2022-04-16,10:51:19,16:37:20
PX1 Y0F,2023-01-23,11:03:39,16:42:51
UW4 E8B,2022-05-07,12:34:38,13:58:43
OM4 T2F,2022-09-10,12:41:13,16:37:53
RB0 Z3N,2022-04-15,9:12:40,15:36:11
QC4 H0Y,2022-03-30,10:01:03,16:43:22
VR4 A7V,2022-02-23,11:27:38,15:22:39
QU9 X6H,2022-04-18,10:19:15,16:21:54
GB6 K5O,2022-11-27,10:31:53,16:26:46
MU4 B5R,2022-11-21,9:40:04,14:48:42
VE7 A9N,2022-02-07,11:54:12,15:25:39
XI8 X1O,2022-05-27,8:26:51,15:12:23
IK4 A6E,2022-05-19,9:23:57,16:53:26
FM8 N4G,2022-12-07,9:25:59,16:01:58
BJ7 U3L,2022-12-29,9:28:27,14:37:43
UP8 F2D,2022-10-11,8:16:27,16:59:35
ZV4 N2L,2022-09-17,10:08:05,14:45:43
PN7 S2Y,2022-11-28,12:41:55,16:52:21
TL1 T3X,2022-05-27,8:05:17,16:14:55
OX7 G5R,2022-10-30,11:31:48,16:21:44
MG8 Q2U,2022-04-12,10:31:54,16:23:17
OY7 B3V,2022-03-30,9:57:33,13:49:50
IP9 G9Y,2022-03-21,8:39:33,16:54:39
AL9 W8T,2022-06-18,9:38:50,15:21:25
YJ2 Z6T,2022-04-30,9:16:22,14:42:01
LX0 G9O,2022-10-10,10:51:51,14:07:26
JE7 Q0N,2022-08-02,10:26:26,16:13:53
CM1 V0X,2022-11-09,8:37:26,16:57:05
UV2 V6P,2022-06-22,11:27:56,15:06:01
NG6 C5B,2022-04-24,9:52:11,14:46:37
IH6 P2W,2022-07-01,10:29:26,14:34:31
ZQ5 E2W,2022-02-27,11:50:23,14:44:27
JP2 W3U,2022-04-10,9:38:53,14:34:10
KB7 T2E,2022-12-03,10:17:17,14:54:39
HL8 D1N,2022-10-31,11:42:25,15:13:13
JV4 O2U,2022-05-14,9:46:35,13:58:23
RS8 X3D,2022-11-16,10:50:34,15:10:52
OX6 X7V,2022-08-28,9:23:40,15:42:32
OX7 V2W,2022-10-17,12:43:42,15:19:24
OF8 M7W,2022-05-08,11:14:05,14:27:18
SQ0 F1K,2022-02-04,10:28:06,14:30:59
VA4 F6S,2022-10-02,10:02:23,14:19:02
QA3 U8M,2022-05-31,8:59:35,14:38:12
IR9 F7R,2022-06-03,10:08:15,14:02:33
YW9 J4Y,2022-04-12,8:13:03,15:53:11
WH7 H0E,2022-03-22,12:20:30,16:28:53
EH1 S8O,2022-10-13,11:13:55,16:45:37
LC9 V9Q,2022-04-10,10:08:03,14:12:16
PO7 V6A,2022-09-24,10:14:48,14:32:44
SM3 S0V,2022-10-22,12:01:16,15:54:49
LO4 T0Y,2022-12-07,10:14:40,13:55:05
GK9 E8K,2023-01-17,11:13:24,16:25:39
UD8 B6M,2022-10-26,9:33:19,14:16:21
RO7 G3P,2022-02-19,12:09:38,14:32:49
RB0 B1F,2022-08-01,11:18:06,14:13:10
PS7 R9O,2023-01-12,12:20:10,14:34:33
WC7 Y2K,2022-04-04,12:32:54,16:23:06
WC5 F8M,2022-03-14,12:12:00,13:34:19
NG7 P3G,2022-09-14,8:11:38,16:20:50
JZ3 D0Z,2022-07-12,8:56:21,16:59:43
SU4 T7H,2022-04-19,9:38:28,16:39:32
KU4 V1M,2022-04-06,12:52:59,16:49:34
TX5 E6W,2022-02-03,10:21:46,14:27:45
TM4 I7I,2022-01-27,12:15:25,14:41:35
VX1 O5Y,2023-01-09,10:14:27,16:58:11
ZT3 Z7R,2022-05-31,10:36:26,13:30:58
CS5 A2U,2023-01-20,12:50:37,15:29:10
YV5 P3H,2023-01-07,8:51:37,16:13:09
IU2 W2T,2022-01-26,9:59:25,14:48:50
HT9 O2C,2022-06-24,12:36:41,14:00:40
MP4 V8Q,2022-10-17,10:13:54,15:40:29
CR4 K1Y,2022-02-18,12:20:51,14:58:35
MZ0 Z9A,2022-12-22,11:11:42,15:43:24
NK9 T0R,2022-10-13,10:05:57,16:54:27
QV3 F0N,2022-09-29,8:07:47,16:51:51
NC8 S0A,2022-04-02,12:27:37,16:17:45
PK9 C1S,2022-02-13,10:01:23,16:53:15
LA5 J0E,2022-01-31,9:24:08,16:52:03
VU5 T6A,2022-03-21,10:35:57,16:57:31
MQ3 Z6Z,2022-06-09,10:01:48,15:42:33
AO9 F6U,2022-05-29,11:05:28,14:51:15
GC5 X3M,2022-02-05,8:38:33,15:36:20
RF2 N0F,2022-03-31,8:05:19,15:36:29
PZ9 A6G,2022-04-08,11:41:21,16:19:03
RA0 X4B,2022-09-12,8:30:51,16:59:55
MB4 V6N,2022-05-02,9:00:34,16:29:19
OC4 T8X,2022-12-14,12:13:13,16:15:13
TT5 Q3S,2022-06-05,9:42:25,15:18:11
TE5 Y0I,2022-09-20,9:23:56,14:27:51
WF1 N5U,2022-02-10,10:50:25,15:26:35
AW8 I2X,2022-04-27,9:08:46,16:44:06
YC1 C6L,2022-02-01,11:09:11,14:20:58
HR7 I9X,2022-03-06,8:43:59,16:47:05
QB4 A1L,2022-09-07,12:47:38,14:08:37
TQ2 U0F,2022-09-20,12:51:47,13:33:06
JX8 K2U,2022-02-16,12:34:45,16:40:42
QR4 U3I,2022-01-31,10:15:45,15:03:28
PR3 P4E,2022-11-10,9:19:26,15:48:18
TC0 G1N,2022-07-10,10:47:25,15:50:24
RM0 F4K,2023-01-10,9:17:43,15:12:10
QL3 W1Z,2022-01-30,8:03:13,13:40:54
UI2 R0B,2022-06-07,8:00:30,16:24:49
RO8 S7P,2022-08-20,10:34:27,16:03:57
OM9 X6X,2022-04-06,8:27:49,14:38:48
IH9 M1Y,2022-02-25,10:20:39,14:07:41
LH2 I4P,2022-09-25,11:02:01,15:58:32
JA7 R6N,2023-01-06,11:21:07,16:58:39
TN2 J4F,2022-05-06,9:39:57,14:56:50
AH7 Q4O,2022-06-16,11:15:21,14:06:19
JH7 H7S,2022-02-22,12:44:25,14:23:09
DN2 G2N,2022-06-10,8:50:50,13:55:40
BM1 J3V,2022-10-09,8:39:14,14:20:45
KU2 P4Q,2022-02-28,12:17:31,13:41:03
ZX0 G8P,2022-09-12,10:06:33,15:12:16
HA7 B3O,2022-04-21,10:32:00,14:49:25
JQ3 R2C,2023-01-16,10:32:21,16:27:21
DL5 S3V,2022-05-27,9:25:49,15:28:03
KP0 P1S,2022-02-27,10:32:06,14:54:25
EE4 L6I,2022-12-19,10:27:06,14:38:12
KO6 Y8O,2022-03-19,11:48:55,13:52:23
QZ0 Z1W,2022-03-29,11:07:00,13:56:00
OQ4 E8Y,2022-08-08,8:53:41,15:26:56
NO4 K5J,2022-08-31,8:49:35,14:10:11
IR6 F0S,2022-08-20,11:10:11,14:03:06
YX9 Q1N,2022-08-09,10:28:29,14:10:09
FV9 R1V,2022-06-14,12:23:38,16:58:15
RH1 O9M,2022-08-27,11:59:47,16:24:38
NJ8 E6O,2022-12-20,9:24:23,15:58:08
PW1 K7B,2022-12-16,8:04:12,15:02:47
IO7 P9S,2022-04-14,9:14:26,13:31:39
UL5 N0D,2022-08-25,9:01:01,14:00:36
DX0 W3G,2022-01-26,9:42:53,14:00:42
BS4 U8Z,2022-02-07,9:10:15,16:56:10
DY1 T9Z,2022-05-12,11:31:19,14:48:50
CR3 K7E,2023-01-15,11:01:36,16:15:37
TT1 N5O,2022-05-05,9:41:39,16:08:16
GW6 P9O,2022-07-25,11:40:53,14:08:59
UD3 Y7A,2022-10-30,9:49:30,16:04:55
LR2 K5C,2022-02-02,12:03:56,15:10:03
AR5 X7Q,2022-03-23,10:31:47,16:24:03
VD2 R1W,2022-03-19,9:44:20,16:36:30
NJ8 J3J,2022-12-03,10:30:57,16:31:02
TK5 I9P,2022-07-28,11:29:59,15:31:50
EP8 F8K,2022-05-27,8:56:17,16:43:27
TP1 T4R,2022-04-22,8:36:42,14:53:41
BB7 T7G,2022-08-28,9:34:29,16:43:04
YL8 T1Y,2022-12-30,8:28:53,14:00:00
TK1 A3P,2022-06-09,12:53:22,15:31:24
PK5 C8Z,2022-05-16,8:30:53,16:29:00
IP6 E6G,2022-03-28,9:13:06,13:39:46
DE1 Y0U,2022-02-10,9:41:59,15:40:31
PS6 Z7B,2022-09-13,10:59:57,14:42:12
XU8 B0H,2022-05-06,11:35:32,14:48:48
OB1 Y3O,2022-11-14,9:10:53,14:01:02
QF4 E8N,2022-02-27,9:37:52,13:58:34
DN2 R6B,2022-12-29,12:40:15,15:50:48
GD8 V5P,2022-07-24,8:08:13,14:17:13
GA4 A3M,2022-05-23,8:56:12,15:28:41
JJ0 G8L,2022-07-04,9:58:10,13:47:20
GH8 Y5H,2022-09-17,8:01:07,15:37:06
XE0 E1O,2022-10-05,9:56:52,15:22:28
CI9 O3L,2022-11-09,12:18:24,14:04:56
OU8 W7R,2022-02-07,8:59:36,14:51:04
YA1 W0L,2022-07-27,9:46:31,16:00:16
LJ7 V1Y,2022-09-02,12:58:11,16:55:27
YU6 Q6N,2022-03-05,9:32:53,15:52:22
SM4 M9H,2022-11-15,9:26:06,16:37:04
CZ8 V9E,2022-02-28,11:59:49,16:47:45
XT7 S0J,2022-09-14,9:50:57,15:04:48
AH0 G4E,2022-01-28,12:21:15,14:38:43
LN1 B8V,2022-02-24,10:09:38,13:35:25
WV0 M2W,2022-01-27,12:53:55,16:39:54
NJ2 D2J,2022-09-14,8:07:03,15:54:42
AH3 W2L,2022-12-07,12:58:23,16:34:15
HW5 Y9C,2022-04-30,12:19:45,13:58:40
XV1 P2X,2022-06-07,9:37:09,14:06:15
VL3 V3X,2022-06-11,9:49:20,14:37:22
RH1 V7Q,2022-03-21,10:40:34,15:22:33
VH8 P3U,2022-03-21,11:32:41,16:49:25
TS5 R2Z,2022-09-25,10:26:45,16:00:40
JY4 E9N,2022-04-08,8:29:52,16:08:46
CE0 T0V,2022-03-16,10:39:01,15:16:55
PV4 T8S,2022-11-18,11:26:16,14:19:15
MN0 O7N,2022-06-12,9:49:42,16:57:52
SG4 H5M,2022-06-14,10:57:34,15:30:17
BI0 R5A,2022-03-09,11:19:52,16:57:49
FW7 L7M,2022-05-05,12:25:10,15:36:09
JV1 C9K,2023-01-11,10:37:34,15:45:53
QR7 F3P,2022-09-13,8:57:21,14:09:14
YP4 A5K,2022-09-04,8:53:54,15:06:04
YB7 V1Y,2022-09-17,12:26:02,15:35:41
BS5 S9G,2022-02-23,12:23:55,15:59:14
HQ5 F8O,2022-12-10,9:53:37,16:52:22
NZ2 Z5R,2022-05-04,9:08:20,16:56:41
MC7 P4S,2022-08-22,12:01:31,14:57:56
HS9 W6Q,2022-11-13,11:05:13,16:24:24
CO6 S4S,2022-05-04,10:01:32,13:35:01
DL8 D8Q,2022-01-30,10:19:53,16:18:22
NC8 M9L,2022-05-27,11:09:59,15:21:46
VR6 N0N,2022-12-13,10:44:01,15:28:54
DG7 G2E,2023-01-13,8:34:44,13:36:02
EU4 L4E,2023-01-03,12:33:47,16:49:55
XL6 J6G,2022-11-22,11:41:51,15:15:59
FE6 Y6T,2022-07-07,8:44:20,15:43:13
PA6 G6Q,2022-02-05,9:12:44,16:10:48
WB9 V0V,2022-08-18,11:55:34,14:15:32
XD3 J7C,2022-04-20,10:56:55,13:56:33
TK6 Z2M,2022-03-15,8:47:38,16:22:20
FQ4 H8G,2022-12-15,10:12:56,14:43:18
VR0 L8O,2022-09-05,10:47:22,13:30:00
YB2 Q2T,2023-01-23,12:47:40,13:36:31
IJ6 L6N,2022-10-25,8:34:26,14:46:30
DD0 J9O,2022-04-29,12:49:15,16:25:20
KQ7 D0G,2022-07-26,12:03:59,14:17:34
UE0 E9R,2022-06-07,10:56:48,13:44:53
VY2 G2W,2022-10-07,12:39:04,13:30:03
PI4 F5T,2022-08-14,10:38:37,14:23:54
RN5 F4S,2022-10-24,8:43:33,15:15:38
BS0 M7A,2022-06-20,8:54:41,16:05:33
YC8 G1M,2022-06-18,9:49:25,15:57:58
VJ2 V2P,2022-08-17,12:27:37,14:27:55
YX5 B7P,2022-05-13,8:02:07,15:28:30
MA5 F1V,2022-04-30,12:04:30,15:02:14
CK4 B8K,2022-08-05,9:19:36,14:05:09
TJ0 V5W,2022-03-11,8:36:41,14:33:31
BX5 C1N,2022-03-05,9:19:54,16:39:01
JK0 G6C,2022-12-27,11:32:44,14:24:56
DG2 P8X,2022-10-18,11:41:17,16:26:28
ER6 Y7D,2022-11-14,9:10:32,13:54:18
SF7 M0E,2022-05-23,12:19:51,15:49:23
ZT0 S3L,2022-08-30,8:32:54,16:15:07
VL9 F2T,2022-03-09,9:05:08,16:56:36
FG4 Y1L,2022-11-30,8:57:23,15:45:16
KJ3 E5G,2022-08-27,11:10:31,15:55:02
UA5 G4C,2022-02-25,8:15:37,14:13:13
RZ4 C5I,2022-10-18,9:54:49,15:37:12
MJ6 P3J,2022-10-22,12:39:43,14:49:46
IO3 Z0B,2022-12-24,8:20:34,14:50:09
QC3 J6F,2022-12-29,9:26:14,14:02:45
FH4 M7P,2022-10-23,10:26:13,13:31:04
YC2 O1D,2022-10-09,8:54:03,16:25:42
XV5 V3N,2022-03-26,8:11:10,14:25:36
JA8 B9Q,2022-09-29,10:11:48,14:43:40
JE5 P9M,2022-08-04,11:01:30,16:12:56
CU4 J8X,2022-05-30,10:43:35,16:58:31
OQ6 D2O,2022-02-16,10:09:16,14:52:10
BG7 N2K,2022-03-28,9:36:59,14:20:54
UV1 Y9J,2023-01-20,12:19:37,15:03:06
UR0 H4R,2022-08-22,10:23:39,14:16:08
FT0 F5Q,2022-04-17,8:34:09,16:55:05
BX6 A6Y,2022-12-21,9:19:52,16:23:41
FB7 O4G,2023-01-08,10:10:22,16:50:10
XL0 V0Y,2022-02-01,8:55:30,15:22:41
YV5 B2G,2022-04-03,8:41:28,16:42:13
PH5 G1R,2022-07-22,12:05:19,15:40:57
BF1 O4N,2022-11-25,9:53:39,14:11:04
YY3 N8T,2023-01-05,12:18:30,16:58:31
TN2 I6E,2022-06-25,11:06:07,16:47:29
XJ5 Z3K,2022-06-18,11:06:02,16:28:07
NU4 Y1S,2022-12-14,10:11:59,15:27:03
DH2 P2P,2022-04-20,11:55:24,15:16:33
RN4 X2K,2022-02-11,10:00:27,16:25:16
FY3 F6M,2022-02-27,11:01:31,15:24:57
PW5 W6R,2022-05-29,12:45:33,14:14:30
OV7 U2B,2022-06-11,11:44:58,13:59:56
MY4 I0J,2022-07-08,12:22:48,14:39:44
WX5 N2S,2022-10-18,8:41:54,15:10:46
QU3 L8X,2022-02-28,10:20:39,15:51:49
WF4 G4X,2022-07-06,12:32:53,16:11:58
YZ4 R0D,2022-03-22,11:04:16,15:06:36
ZX8 C6K,2022-01-30,8:52:16,14:34:07
ZY2 D6S,2022-06-18,12:13:09,16:23:44
GY7 X7L,2022-03-26,12:18:34,15:41:39
BJ1 U9O,2022-05-25,12:03:41,14:21:50
YK7 D3N,2022-07-03,11:55:50,16:34:04
HV9 E2W,2023-01-09,11:18:30,15:49:25
XV0 R0B,2022-12-09,11:38:42,16:11:54
BR6 V4Y,2022-02-12,11:03:07,16:09:45
CB5 M4W,2022-02-07,12:05:42,14:32:50
UO4 S3N,2022-12-27,11:49:17,15:25:55
ZX0 D6Q,2022-11-24,8:22:08,14:17:30
QX7 S5F,2022-05-28,10:55:07,15:01:37
BD6 V3H,2022-11-27,11:06:12,16:20:21
AG8 C9V,2022-07-24,12:02:56,14:30:49
JK2 D2P,2022-01-25,9:28:56,14:59:49
QD9 N5W,2022-01-27,9:11:10,15:25:41
AQ5 S3J,2022-01-25,10:51:47,15:58:10
LC6 R9I,2022-11-23,11:12:11,16:27:07
JH0 R8Q,2022-02-22,10:59:37,14:03:40
GA4 W2O,2022-06-25,12:26:30,15:50:47
IE0 S6B,2022-09-19,12:50:06,13:35:30
VY1 P2D,2023-01-07,9:56:03,14:12:41
AJ7 Z2K,2022-09-06,12:22:58,14:19:10
GG1 I3A,2022-04-20,11:23:53,16:51:51
VO5 U4N,2022-07-24,8:43:55,14:55:55
ED3 M4H,2022-03-26,12:28:02,16:01:18
LH0 V8I,2022-11-27,8:06:17,16:07:55
UH7 L1W,2022-03-22,11:48:52,13:54:15
DB2 K9Q,2022-10-24,9:27:18,14:52:12
IE9 B3P,2022-04-14,9:22:10,14:16:50
QH6 K8E,2022-06-21,10:27:52,16:04:57
QK7 W6X,2022-09-07,9:24:17,14:00:20
LF0 M1V,2022-02-10,10:56:59,13:55:24
RJ8 B6H,2022-07-30,12:53:49,14:10:58
YB8 O2D,2022-08-29,10:21:56,16:47:06
BU2 D1D,2022-03-24,11:40:07,16:01:33
ZF9 L9U,2022-12-25,11:19:53,14:01:31
XF8 J6O,2022-11-01,8:45:06,16:22:56
ZA5 M4O,2022-11-07,10:29:38,14:13:49
IX6 N2J,2022-06-05,12:29:55,16:39:44
BQ2 N2X,2022-12-20,11:28:04,14:53:49
FM2 Z4B,2022-12-30,8:36:18,15:58:44
VL6 F6U,2022-12-06,8:18:58,16:41:23
HV2 H5Z,2022-04-24,10:18:51,15:16:48
KZ9 T8G,2022-12-08,11:02:56,14:27:17
KG8 K1S,2022-11-30,8:26:04,15:06:11
HX7 X8I,2022-11-10,11:25:06,14:39:48
EZ0 A2D,2022-08-05,8:09:33,13:35:09
ZP5 Q6T,2022-05-23,12:45:01,14:19:34
DX3 Z8B,2022-05-28,12:42:29,15:10:15
ZC6 Y3D,2022-07-31,10:27:24,15:30:08
IF1 C6N,2022-10-06,11:11:55,15:42:52
OJ3 Q2L,2022-07-17,11:35:42,14:11:54
GI6 O8S,2023-01-22,12:39:14,16:57:14
PK2 F0K,2022-08-22,11:59:48,14:29:02
GK0 L2Z,2022-01-30,9:42:37,14:19:22
HT8 N5Z,2022-02-25,10:57:19,13:32:07
PL6 D9B,2022-07-14,12:17:22,15:14:03
RT1 B1R,2022-06-19,11:24:37,16:24:43
MU5 J0M,2022-09-17,10:43:03,13:32:10
VJ3 T9F,2022-08-10,8:39:18,15:48:28
DY7 E8A,2022-09-05,9:02:58,13:48:30
DP4 P5U,2022-06-22,11:33:55,15:05:12
UD0 U3L,2023-01-21,9:06:01,14:01:32
PF7 N8S,2022-04-20,10:30:48,15:18:11
YB2 B1M,2022-06-15,8:33:03,13:49:01
RL3 Y2H,2022-08-31,11:44:06,16:11:26
WV6 A5A,2022-10-01,12:05:52,14:19:08
RA4 U0Q,2022-05-27,11:29:52,14:24:12
NG2 W5V,2022-09-23,9:28:28,14:47:15
SI9 L4H,2022-03-07,11:46:49,16:26:46
CZ2 U5T,2022-07-27,9:12:32,15:11:20
PQ9 I3W,2022-07-31,9:03:42,13:50:48
OK5 X1T,2022-10-03,9:00:00,13:50:46
IZ7 K0D,2022-11-28,11:10:14,16:11:46
PV6 D4Z,2022-07-04,10:39:52,13:45:28
LR3 M4M,2022-02-12,8:28:21,14:45:54
GW1 N7Y,2022-08-05,11:07:51,14:41:28
GK2 J5Z,2022-05-13,12:47:36,15:14:31
VZ1 J3T,2022-08-14,12:25:04,16:43:40
RD7 G4J,2022-09-23,8:56:19,16:40:32
ZA7 S4R,2022-06-04,10:02:33,13:59:37
QY2 A3X,2022-03-28,12:04:28,16:32:59
RR6 H2I,2022-12-15,12:20:01,15:47:31
BV7 Y3W,2022-08-05,9:27:14,13:39:28
DL8 A9S,2022-05-28,12:12:13,15:03:00
WR3 E4U,2022-07-08,11:16:01,16:20:11
KH2 N3M,2022-02-04,12:26:38,15:05:29
FC2 M7J,2022-07-14,8:01:46,16:10:53
QR8 O3L,2022-12-29,9:46:51,15:17:15
QC2 Y8V,2022-12-20,10:28:22,13:49:34
IG1 Q2P,2022-11-25,10:56:08,14:32:43
WO5 P0Y,2023-01-14,8:34:43,14:07:02
HL4 W9W,2022-02-26,9:29:29,16:22:56
RI3 B5L,2022-12-08,12:39:14,14:58:39
PZ1 U0N,2022-06-13,11:58:53,16:03:41
RX9 H0V,2022-05-31,9:27:26,16:26:59
QD8 V3X,2022-12-13,8:53:37,15:57:08
MI2 S7N,2022-05-17,8:08:07,16:10:18
HZ1 W0Z,2022-08-07,12:42:47,14:57:49
DX1 J5L,2022-06-09,12:32:05,16:40:24
DC7 C4P,2022-06-26,9:20:40,16:00:20
QJ1 D6R,2022-09-24,9:48:38,16:48:16
LP3 Q8Y,2022-06-19,9:34:05,14:58:53
JQ7 E3D,2022-06-08,12:03:47,13:55:42
BH8 F9J,2022-09-06,8:57:09,14:30:28
HY2 T6Z,2022-04-04,9:46:36,15:25:02
AC6 Y7E,2022-07-17,8:15:06,13:42:39
GU7 W7J,2022-02-24,10:48:39,16:00:06
PU0 S6N,2022-11-09,10:01:56,14:30:01
UN9 G1B,2022-05-18,12:26:26,15:54:33
VB6 G4A,2022-05-13,9:14:36,14:40:20
GL6 D4B,2022-10-19,11:06:57,16:22:43
GG0 G9C,2022-07-14,11:07:10,13:30:10
MM5 Y8R,2022-12-04,11:32:23,15:19:13
VP3 P0I,2022-05-18,9:49:43,14:22:42
HZ6 X6H,2022-11-22,10:00:45,15:45:34
SG2 L6N,2023-01-18,8:18:46,14:43:45
FJ9 X0Z,2022-04-20,12:04:25,14:26:14
IJ2 H7Z,2022-01-27,12:25:02,16:50:09
DX8 S2L,2022-07-21,8:35:54,15:18:22
RT9 L7E,2022-11-03,11:52:25,15:20:39
IZ5 U6H,2022-02-21,8:33:08,15:17:02
HI1 T1U,2022-09-08,12:47:06,13:31:11
CG0 N8B,2022-03-18,10:59:57,14:40:52
AF2 J8E,2022-08-27,11:20:18,13:39:13
EB9 R0N,2022-09-02,11:32:38,15:43:42
FQ3 Q8E,2022-04-08,11:43:01,16:53:53
PT3 Y6F,2022-04-09,11:12:06,15:07:59
GQ7 N5V,2022-11-16,9:51:41,14:20:02
ZY7 O0R,2022-05-08,9:27:11,14:54:07
QI3 Y4U,2022-08-16,8:10:34,13:54:24
IZ7 C7J,2022-02-01,11:44:47,13:30:08
EH4 F6R,2022-11-06,8:49:34,15:45:41
LE6 F9K,2022-07-10,12:25:30,13:43:35
JS4 U2P,2022-09-29,8:36:26,15:13:34
PA6 L2P,2022-07-31,10:05:54,16:59:27
HC2 Y0P,2022-02-02,12:52:22,15:01:52
IB8 I8R,2022-09-17,10:09:08,13:51:48
VU7 A4I,2022-11-26,12:29:22,15:54:13
PY1 V4C,2022-06-10,10:10:57,14:21:04
KZ4 Z6S,2022-11-06,10:58:58,15:27:11
OB8 J8J,2023-01-06,8:00:12,15:15:59
KC3 C0D,2022-11-27,8:14:24,15:51:16
BJ3 P0J,2022-04-19,8:59:28,13:55:36
HZ3 I1W,2022-09-11,12:12:05,14:02:37
NY1 L5V,2022-11-08,11:11:16,14:06:28
CS3 N5X,2022-12-22,12:41:29,13:47:34
LJ9 V1T,2022-12-28,10:20:19,13:32:54
ZJ7 L6D,2022-10-11,12:38:19,15:33:22
QT1 L4O,2022-08-25,10:48:33,15:18:44
PZ7 D3R,2022-10-17,8:03:25,16:21:43
RW8 V1I,2022-12-08,8:49:23,15:00:03
TO1 S8C,2022-05-15,10:52:57,16:14:33
NW5 K7P,2022-10-23,10:09:20,16:45:50
OX2 J2G,2022-05-07,11:11:14,14:42:27
LC7 P4U,2022-04-07,12:02:46,16:02:25
WC5 V3T,2022-08-29,11:53:11,16:08:46
CS0 A8X,2022-12-16,11:35:01,14:43:34
XU4 A9B,2022-04-30,10:25:46,15:06:16
PP0 B6O,2022-07-05,11:31:11,16:39:56
UY8 C6H,2022-09-29,12:29:25,13:30:21
WT4 C1C,2022-08-20,10:18:48,14:49:04
JJ4 Y8T,2022-10-21,11:44:44,13:34:43
XB1 S9V,2023-01-10,11:18:52,16:50:24
CZ9 D4D,2022-12-31,11:28:49,13:58:32
ZQ0 E4N,2022-04-07,12:45:07,16:13:30
QI7 X8X,2022-02-01,11:45:14,16:28:48
KU4 Q3Q,2022-05-02,11:59:16,16:08:07
VC9 E2R,2023-01-04,12:05:18,16:55:04
HQ4 G6L,2022-07-22,12:56:14,15:06:48
ZI0 B8B,2022-09-30,10:58:28,14:51:50
VK9 B8K,2022-08-22,11:16:53,15:50:54
LH0 N2Z,2022-06-11,11:42:35,13:46:22
FT0 L1P,2022-02-27,12:06:35,13:41:46
TH2 K6M,2022-03-06,10:50:31,14:49:18
WD4 T5B,2022-04-09,11:17:19,13:32:03
CE4 I5K,2022-02-01,8:28:31,16:31:23
NE4 A0Z,2022-06-23,9:48:53,14:47:21
KF4 Y8N,2022-03-14,8:40:30,15:21:19
IX0 J6Y,2022-09-10,11:29:41,16:00:13
SR6 Q5J,2022-02-12,12:31:50,16:50:39
ZQ9 B6Y,2022-08-15,11:11:03,13:57:42
WL5 L0X,2022-06-23,9:01:18,14:00:22
OS1 E8R,2022-02-19,12:28:00,13:34:10
OJ5 C1B,2022-02-21,10:28:46,16:01:31
NZ6 H9D,2022-02-07,9:28:48,16:29:25
BA0 I8D,2022-04-12,10:36:56,16:53:35
FT3 T2U,2022-03-05,11:07:52,15:30:58
AG1 G3Y,2023-01-16,8:42:12,15:03:41
CP7 Z3Y,2022-04-24,12:13:31,13:34:41
RG0 W7D,2022-10-29,10:57:10,13:49:54
HR4 T3Z,2022-07-29,8:35:31,15:30:01
NS9 M6S,2022-08-18,8:43:41,16:15:11
II3 I7E,2023-01-15,11:16:08,16:34:55
MX0 B1O,2022-05-21,11:57:21,15:27:12
HU5 V3Q,2022-11-20,11:56:52,14:25:04
PH8 Z2K,2022-04-08,12:01:19,15:39:31
WT3 B6L,2022-09-04,11:58:56,16:50:36
TY7 Q0I,2022-09-24,8:29:29,16:49:35
KY4 P5F,2022-12-11,9:13:19,13:54:31
QS3 R4E,2022-06-03,11:03:55,14:49:25
YJ5 H0J,2022-08-08,12:08:54,13:53:08
AU1 J2G,2023-01-20,9:15:35,14:33:18
AQ1 W5U,2022-08-08,11:53:14,14:43:35
WI0 J4H,2022-08-04,10:10:09,13:36:06
EK1 M3X,2022-07-25,11:31:30,14:18:58
WN2 I3H,2022-06-01,8:37:36,14:54:14
OS6 Y7R,2022-04-19,10:32:17,13:38:21
AI0 A6C,2022-02-18,8:39:35,13:37:25
YW5 I7Q,2022-08-29,11:25:03,16:03:45
RL2 L7W,2022-03-09,10:43:28,14:56:05
AE4 B7W,2022-11-26,9:51:39,14:46:49
LM4 F9E,2022-03-25,12:34:25,13:56:33
WN3 G7H,2022-06-29,10:27:36,14:28:45
NJ1 Q5S,2022-06-19,12:25:36,14:09:34
NK6 B0D,2022-06-26,11:15:46,16:06:35
UA9 F4C,2022-08-27,11:50:33,16:39:29
NF7 T6B,2022-07-30,10:14:08,16:51:43
XP1 J4D,2022-06-23,9:48:08,16:08:15
AN3 R9I,2022-12-20,12:02:29,14:12:00
AN2 I1W,2022-05-12,11:18:58,14:17:51
HD9 Y7F,2022-06-08,9:03:13,15:32:56
YZ6 I4E,2022-09-21,10:36:13,15:55:52
GB9 H8X,2022-12-05,11:48:57,15:15:19
HB0 U1F,2022-09-10,9:22:55,14:55:24
HE8 M8E,2023-01-23,10:06:00,15:19:27
MP3 S2V,2022-04-01,10:15:18,16:53:24
DV7 K1F,2022-10-27,8:00:47,15:44:51
AQ8 L9C,2022-08-30,10:19:06,15:19:14
VM7 I7S,2022-02-04,9:14:31,14:45:05
II9 R2C,2022-09-15,9:18:42,15:44:11
PY1 K2P,2022-10-16,12:22:10,14:03:20
EE5 Z8A,2023-01-24,11:02:15,15:34:24
HH6 F8O,2022-02-27,8:45:51,13:46:04
UH9 M8N,2022-08-22,11:23:08,16:18:55
WC3 J3D,2023-01-07,9:09:22,14:11:23
VE1 C0E,2022-10-05,11:51:11,16:51:25
BN3 R3P,2022-08-11,9:34:01,15:00:58
BM7 E1U,2022-07-24,10:37:24,16:11:47
GY6 F2G,2022-09-21,12:32:58,14:11:50
VZ7 F0Z,2023-01-01,8:23:58,14:14:37
CJ6 S5Z,2023-01-20,10:56:58,16:12:14
GH0 P3T,2022-04-11,10:23:55,16:05:05
EI1 Y4Q,2022-02-01,10:21:57,16:20:23
MZ7 D1C,2023-01-13,10:58:04,14:59:21
SG3 L5N,2022-08-21,8:04:40,14:15:22
US0 I9Q,2022-09-05,10:12:25,16:17:30
BG8 O6W,2022-01-28,10:48:08,14:58:23
YA4 X6H,2022-10-04,12:08:00,16:41:27
FI1 B4H,2022-03-08,9:04:41,15:36:36
YO6 J7W,2022-08-31,8:00:43,15:09:51
AH6 V1S,2022-01-29,11:26:19,13:32:09
GS6 L9V,2022-06-24,8:12:35,14:19:32
YV7 O6H,2022-04-12,10:54:55,15:28:17
HM5 M5D,2022-07-26,10:17:02,16:03:01
TF9 A1U,2022-09-04,11:08:26,14:32:26
KH1 F5F,2022-08-26,12:58:47,16:54:20
MR1 V1R,2022-07-12,11:27:50,15:15:04
PB0 L9W,2022-10-30,9:08:17,16:02:18
CW5 L0Y,2022-08-24,10:20:14,15:46:17
XR3 P1F,2022-06-17,11:10:22,15:21:26
SS9 I4W,2022-09-10,10:18:28,15:14:39
DT5 L9H,2022-10-29,9:13:31,15:55:44
TH4 A4D,2022-11-09,11:35:39,16:11:41
HZ4 C0U,2022-12-28,8:36:19,13:55:35
EU0 Y2X,2022-03-26,12:47:47,14:38:30
SC7 V3V,2022-06-10,9:58:37,16:26:42
FI2 X3X,2022-07-26,8:58:47,15:01:48
VG3 K0D,2022-06-01,12:40:54,16:04:44
DI1 Z8G,2022-09-17,12:36:15,14:26:43
FC5 P7E,2022-03-19,12:25:42,14:48:56
GZ3 W9Q,2022-06-06,9:42:05,14:32:01
PW2 L7Z,2022-10-14,10:35:39,14:04:40
AK4 P3I,2022-05-28,9:32:14,14:06:57
RV0 P5W,2022-12-12,8:08:19,15:36:32
CR6 S0F,2022-04-27,12:46:25,13:53:58
DW0 I8Z,2022-09-30,12:51:04,16:50:14
RL0 R8P,2022-03-10,12:40:43,14:36:12
XP6 G6T,2022-10-06,8:32:56,13:41:01
ZT0 R8Q,2022-05-11,10:59:01,14:28:27
UO1 W4Z,2022-03-20,11:26:28,15:09:51
CX2 Y7V,2022-10-21,10:34:02,15:46:11
XJ3 I2S,2022-08-11,11:41:48,14:08:30
SJ9 M1D,2022-06-19,8:16:50,16:23:20
MA9 O4X,2022-07-13,10:02:46,14:03:54
BH7 Q1D,2022-08-11,8:28:35,16:44:34
TX4 V9P,2022-02-28,11:29:23,14:14:15
OV6 U5I,2022-06-21,12:50:00,14:25:31
CD7 F9G,2022-06-11,10:19:45,14:11:31
RR7 R6U,2022-08-31,9:59:20,13:59:39
OM5 H3Z,2022-09-26,11:23:51,13:59:46
PW3 M5L,2022-12-15,10:48:01,13:39:29
TQ2 A9B,2022-03-23,9:11:49,13:42:36
AX5 K6R,2022-11-24,11:24:28,15:23:20
XH8 A6F,2022-06-11,12:39:27,15:55:55
NN5 X9T,2022-05-06,12:46:08,14:34:40
JU3 N3U,2022-03-09,10:13:18,14:11:27
OC5 L8K,2022-07-06,11:34:32,15:22:22
RP8 O0U,2022-02-01,9:26:05,14:11:21
MA3 W9N,2022-06-28,12:40:44,14:41:42
NS6 F3V,2023-01-19,9:48:43,16:17:38
KK7 T5I,2022-10-20,12:47:01,16:46:51
WO3 U5U,2022-12-02,11:30:51,15:12:55
ZM0 M9F,2022-03-04,11:36:41,15:22:44
PK6 X0F,2022-05-13,10:28:48,13:51:56
LL3 R1U,2022-10-20,12:51:30,15:25:34
XU9 U9V,2022-08-12,10:41:13,16:24:21
MW2 Z2M,2022-04-14,8:12:09,13:50:42
RJ0 R0L,2022-03-01,12:58:56,15:28:06
UV8 H6B,2022-07-28,9:25:42,15:31:14
UR7 Z3W,2022-04-24,9:52:54,15:33:39
XW6 A6H,2022-04-10,9:03:36,14:14:54
MG1 H3F,2022-10-12,9:08:09,14:06:22
KI3 U4D,2022-10-17,9:40:48,13:34:29
AR5 M8B,2022-05-22,10:44:01,15:29:16
YS8 M1Z,2022-11-24,11:11:32,15:45:35
FK6 A1C,2022-07-17,9:14:54,14:39:00
WU8 Z0W,2022-06-03,10:20:42,16:51:29
XE3 E7F,2022-09-29,10:39:24,13:57:25
LF4 K6Z,2022-03-01,9:41:24,14:54:47
CG0 F4S,2022-04-11,12:56:40,16:27:29
EQ0 B2E,2022-09-01,10:58:38,15:14:58
IZ3 S2O,2022-04-12,9:37:13,13:36:43
ET1 M9J,2022-04-04,12:08:07,16:20:34
DS8 I2M,2022-02-06,11:52:38,13:49:44
HV5 V7R,2022-03-17,11:05:42,16:46:08
ZN1 H6X,2022-03-30,8:31:36,15:31:40
MT3 M4L,2022-09-30,8:45:54,14:57:47
BJ2 S1Z,2022-10-24,12:12:02,14:44:28
OL5 N9W,2022-11-09,9:07:46,13:36:03
BK2 K8T,2022-04-17,8:30:19,16:52:31
SB7 T9N,2022-07-03,12:44:29,16:32:52
RW5 V2C,2022-11-07,12:17:06,13:56:30
EV6 O9K,2022-07-12,11:45:05,16:07:24
QR5 D9Q,2022-07-07,9:23:58,13:52:58
NT1 T4C,2022-10-01,11:24:06,14:08:58
FR6 P1N,2022-07-31,9:57:58,16:07:45
ZF1 I1I,2022-02-15,12:03:32,16:30:40
WL3 B8N,2022-04-25,8:54:56,15:41:01
XF6 Y7A,2022-11-18,12:50:16,14:22:15
MP3 W9G,2022-11-06,8:56:41,16:13:20
OM0 N2B,2022-03-25,8:59:15,13:38:33
UJ0 I9P,2022-08-06,10:28:02,15:43:04
AI9 O7M,2022-06-06,8:40:31,14:46:34
VP0 Z7H,2022-06-17,12:42:48,15:40:13
AI9 O4F,2022-10-16,12:23:36,16:24:28
YL9 M3V,2022-10-18,9:15:26,16:40:58
OJ1 K0O,2022-12-20,8:02:08,14:30:14
CN4 T5R,2022-10-30,8:44:05,15:13:58
XM6 E3L,2022-07-27,12:06:39,14:05:57
LH4 M7H,2022-09-06,10:57:25,16:48:57
GS9 M2P,2022-10-14,11:11:00,14:26:29
EG0 H2Z,2022-03-24,10:50:42,14:07:35
RR1 K4K,2023-01-01,12:30:17,13:59:40
UG9 Q5C,2022-08-19,12:44:15,16:55:08
PY1 V4F,2022-06-27,12:24:35,16:31:46
DD3 Z5Z,2023-01-16,11:22:38,15:50:24
JT5 E9C,2022-08-28,8:47:33,15:20:04
ED6 H6E,2023-01-13,11:01:27,16:23:18
JN1 G6U,2022-07-08,10:38:36,16:04:54
XA1 Y4O,2022-03-09,10:12:34,16:00:40
LN0 E9Z,2022-12-09,12:28:42,13:56:34
UQ2 K0Y,2022-10-04,12:34:39,15:06:24
FQ8 C9L,2022-09-28,11:55:05,16:05:10
FD1 D9G,2022-10-30,9:22:05,16:45:43
WP5 J4X,2023-01-15,8:06:47,14:15:28
BE0 J2Y,2023-01-15,10:26:38,15:11:59
PV4 N9Q,2022-05-27,10:12:43,16:52:27
JU3 P6C,2022-10-25,12:32:47,14:11:58
AY3 J7J,2022-07-11,9:14:05,16:08:45
CQ7 O3T,2022-03-29,11:35:22,15:21:46
CA6 M5B,2022-07-25,11:04:55,15:18:34
BK2 V9M,2022-08-30,10:29:56,16:02:56
BL2 I8Y,2022-09-25,10:02:58,16:15:02
AW7 L3I,2022-01-27,12:20:46,15:36:00
IJ1 H3U,2022-11-15,9:04:13,14:19:49
RL0 S9D,2023-01-16,9:44:37,14:05:02
JX5 E4U,2022-11-24,10:51:00,15:13:30
BE6 K0K,2022-12-28,9:42:43,13:39:22
RB4 O6X,2022-07-24,11:26:15,15:23:32
QS8 O4N,2022-11-27,11:37:21,15:09:34
DO7 O7G,2022-07-07,12:56:44,15:45:25
HJ8 J6X,2022-10-27,11:20:43,15:20:49
FX2 V6W,2022-03-10,12:53:29,16:13:53
TM5 H9X,2023-01-16,12:40:19,16:27:55
IG0 G3Z,2022-02-13,11:03:56,16:51:06
OE9 M7Q,2022-05-14,12:47:51,14:24:57
JC7 T1W,2022-08-02,10:29:38,15:49:19
IU5 U7T,2022-12-29,11:07:23,15:16:16
VB8 E3Q,2022-04-01,12:16:00,13:34:12
LB3 N4J,2022-03-30,8:20:42,14:40:03
MJ5 S4P,2022-08-23,9:43:58,16:20:49
KN2 J7A,2022-07-13,8:08:09,15:34:00
OZ9 I2N,2022-07-31,8:56:35,14:10:06
MI4 L4H,2022-05-25,12:00:50,16:47:19
PC4 Q1M,2022-01-27,8:22:33,15:35:19
UT1 O8R,2022-10-06,8:31:11,16:47:23
AZ1 L1P,2022-11-06,12:55:47,14:34:56
BV5 E8P,2022-07-19,8:49:54,16:23:22
